"Linux 3,10,0-1160,76,1,el7,x86_64 (lt-uxcrowd,ru) 	05/07/2024 	_x86_64_	(6 CPU)";;;;;;;;;;;;;;;;
;;;;;;;;;;;;;;;;
07:57:13 AM   runq-sz  plist-sz   ldavg-1   ldavg-5  ldavg-15   blocked;;;;;;;;;7:57:13;AM;runq-sz;plist-sz;ldavg-1;ldavg-5;ldavg-15;blocked
07:57:23 AM         1       387      0,00      0,01      0,05         0;;;;;;;;;7:57:23;AM;1;387;0;0,01;0,05;0
07:57:33 AM         1       393      0,00      0,01      0,05         0;;;;;;;;;7:57:33;AM;1;393;0;0,01;0,05;0
07:57:43 AM         1       393      0,00      0,01      0,05         0;;;;;;;;;7:57:43;AM;1;393;0;0,01;0,05;0
07:57:53 AM         0       393      0,00      0,01      0,05         0;;;;;;;;;7:57:53;AM;0;393;0;0,01;0,05;0
07:58:03 AM         0       393      0,00      0,01      0,05         0;;;;;;;;;7:58:03;AM;0;393;0;0,01;0,05;0
07:58:13 AM         1       393      0,00      0,01      0,05         0;;;;;;;;;7:58:13;AM;1;393;0;0,01;0,05;0
07:58:23 AM         1       393      0,00      0,01      0,05         0;;;;;;;;;7:58:23;AM;1;393;0;0,01;0,05;0
07:58:33 AM         1       393      0,00      0,01      0,05         0;;;;;;;;;7:58:33;AM;1;393;0;0,01;0,05;0
07:58:43 AM         0       393      0,00      0,01      0,05         0;;;;;;;;;7:58:43;AM;0;393;0;0,01;0,05;0
07:58:53 AM         0       393      0,00      0,01      0,05         0;;;;;;;;;7:58:53;AM;0;393;0;0,01;0,05;0
07:59:03 AM         1       394      0,00      0,01      0,05         0;;;;;;;;;7:59:03;AM;1;394;0;0,01;0,05;0
07:59:13 AM         0       393      0,00      0,01      0,05         0;;;;;;;;;7:59:13;AM;0;393;0;0,01;0,05;0
07:59:23 AM         1       393      0,00      0,01      0,05         0;;;;;;;;;7:59:23;AM;1;393;0;0,01;0,05;0
07:59:33 AM         0       393      0,00      0,01      0,05         0;;;;;;;;;7:59:33;AM;0;393;0;0,01;0,05;0
07:59:43 AM         0       393      0,00      0,01      0,05         0;;;;;;;;;7:59:43;AM;0;393;0;0,01;0,05;0
07:59:53 AM         0       393      0,00      0,01      0,05         0;;;;;;;;;7:59:53;AM;0;393;0;0,01;0,05;0
08:00:03 AM         1       394      0,00      0,01      0,05         0;;;;;;;;;8:00:03;AM;1;394;0;0,01;0,05;0
08:00:13 AM         0       394      0,00      0,01      0,05         0;;;;;;;;;8:00:13;AM;0;394;0;0,01;0,05;0
08:00:23 AM         1       394      0,00      0,01      0,05         0;;;;;;;;;8:00:23;AM;1;394;0;0,01;0,05;0
08:00:33 AM         1       394      0,00      0,01      0,05         0;;;;;;;;;8:00:33;AM;1;394;0;0,01;0,05;0
08:00:43 AM         0       394      0,00      0,01      0,05         0;;;;;;;;;8:00:43;AM;0;394;0;0,01;0,05;0
08:00:53 AM         1       394      0,00      0,01      0,05         0;;;;;;;;;8:00:53;AM;1;394;0;0,01;0,05;0
08:01:03 AM         0       394      0,00      0,01      0,05         0;;;;;;;;;8:01:03;AM;0;394;0;0,01;0,05;0
08:01:13 AM         1       394      0,00      0,01      0,05         0;;;;;;;;;8:01:13;AM;1;394;0;0,01;0,05;0
08:01:23 AM         0       394      0,00      0,01      0,05         0;;;;;;;;;8:01:23;AM;0;394;0;0,01;0,05;0
08:01:33 AM         1       394      0,00      0,01      0,05         0;;;;;;;;;8:01:33;AM;1;394;0;0,01;0,05;0
08:01:43 AM         0       395      0,00      0,01      0,05         0;;;;;;;;;8:01:43;AM;0;395;0;0,01;0,05;0
08:01:53 AM         1       394      0,00      0,01      0,05         0;;;;;;;;;8:01:53;AM;1;394;0;0,01;0,05;0
08:02:03 AM         1       394      0,00      0,01      0,05         0;;;;;;;;;8:02:03;AM;1;394;0;0,01;0,05;0
08:02:13 AM         1       394      0,00      0,01      0,05         0;;;;;;;;;8:02:13;AM;1;394;0;0,01;0,05;0
08:02:23 AM         2       394      0,00      0,01      0,05         0;;;;;;;;;8:02:23;AM;2;394;0;0,01;0,05;0
08:02:33 AM         1       394      0,00      0,01      0,05         0;;;;;;;;;8:02:33;AM;1;394;0;0,01;0,05;0
08:02:43 AM         0       394      0,00      0,01      0,05         0;;;;;;;;;8:02:43;AM;0;394;0;0,01;0,05;0
08:02:53 AM         0       394      0,00      0,01      0,05         0;;;;;;;;;8:02:53;AM;0;394;0;0,01;0,05;0
08:03:03 AM         1       394      0,00      0,01      0,05         0;;;;;;;;;8:03:03;AM;1;394;0;0,01;0,05;0
08:03:13 AM         1       394      0,00      0,01      0,05         0;;;;;;;;;8:03:13;AM;1;394;0;0,01;0,05;0
08:03:23 AM         1       395      0,00      0,01      0,05         0;;;;;;;;;8:03:23;AM;1;395;0;0,01;0,05;0
08:03:33 AM         0       394      0,00      0,01      0,05         0;;;;;;;;;8:03:33;AM;0;394;0;0,01;0,05;0
08:03:43 AM         1       394      0,00      0,01      0,05         0;;;;;;;;;8:03:43;AM;1;394;0;0,01;0,05;0
08:03:53 AM         1       396      0,00      0,01      0,05         0;;;;;;;;;8:03:53;AM;1;396;0;0,01;0,05;0
08:04:03 AM         0       394      0,00      0,01      0,05         0;;;;;;;;;8:04:03;AM;0;394;0;0,01;0,05;0
08:04:13 AM         0       394      0,00      0,01      0,05         0;;;;;;;;;8:04:13;AM;0;394;0;0,01;0,05;0
08:04:23 AM         2       394      0,00      0,01      0,05         0;;;;;;;;;8:04:23;AM;2;394;0;0,01;0,05;0
08:04:33 AM         1       394      0,00      0,01      0,05         0;;;;;;;;;8:04:33;AM;1;394;0;0,01;0,05;0
08:04:43 AM         0       394      0,00      0,01      0,05         0;;;;;;;;;8:04:43;AM;0;394;0;0,01;0,05;0
08:04:53 AM         1       394      0,00      0,01      0,05         0;;;;;;;;;8:04:53;AM;1;394;0;0,01;0,05;0
08:05:03 AM         0       393      0,00      0,01      0,05         0;;;;;;;;;8:05:03;AM;0;393;0;0,01;0,05;0
08:05:13 AM         0       394      0,00      0,01      0,05         0;;;;;;;;;8:05:13;AM;0;394;0;0,01;0,05;0
08:05:23 AM         1       393      0,00      0,01      0,05         0;;;;;;;;;8:05:23;AM;1;393;0;0,01;0,05;0
08:05:33 AM         1       393      0,00      0,01      0,05         0;;;;;;;;;8:05:33;AM;1;393;0;0,01;0,05;0
08:05:43 AM         1       393      0,00      0,01      0,05         0;;;;;;;;;8:05:43;AM;1;393;0;0,01;0,05;0
08:05:53 AM         1       393      0,00      0,01      0,05         0;;;;;;;;;8:05:53;AM;1;393;0;0,01;0,05;0
08:06:03 AM         2       393      0,00      0,01      0,05         0;;;;;;;;;8:06:03;AM;2;393;0;0,01;0,05;0
08:06:13 AM         1       393      0,00      0,01      0,05         0;;;;;;;;;8:06:13;AM;1;393;0;0,01;0,05;0
08:06:23 AM         0       393      0,00      0,01      0,05         0;;;;;;;;;8:06:23;AM;0;393;0;0,01;0,05;0
08:06:33 AM         0       394      0,00      0,01      0,05         0;;;;;;;;;8:06:33;AM;0;394;0;0,01;0,05;0
08:06:43 AM         0       393      0,00      0,01      0,05         0;;;;;;;;;8:06:43;AM;0;393;0;0,01;0,05;0
08:06:53 AM         0       393      0,00      0,01      0,05         0;;;;;;;;;8:06:53;AM;0;393;0;0,01;0,05;0
08:07:03 AM         1       393      0,00      0,01      0,05         0;;;;;;;;;8:07:03;AM;1;393;0;0,01;0,05;0
08:07:13 AM         0       393      0,00      0,01      0,05         0;;;;;;;;;8:07:13;AM;0;393;0;0,01;0,05;0
08:07:23 AM         1       393      0,00      0,01      0,05         0;;;;;;;;;8:07:23;AM;1;393;0;0,01;0,05;0
08:07:33 AM         1       394      0,00      0,01      0,05         0;;;;;;;;;8:07:33;AM;1;394;0;0,01;0,05;0
08:07:43 AM         1       393      0,00      0,01      0,05         0;;;;;;;;;8:07:43;AM;1;393;0;0,01;0,05;0
08:07:53 AM         1       393      0,00      0,01      0,05         0;;;;;;;;;8:07:53;AM;1;393;0;0,01;0,05;0
08:08:03 AM         1       393      0,00      0,01      0,05         0;;;;;;;;;8:08:03;AM;1;393;0;0,01;0,05;0
08:08:13 AM         0       393      0,00      0,01      0,05         0;;;;;;;;;8:08:13;AM;0;393;0;0,01;0,05;0
08:08:23 AM         0       393      0,00      0,01      0,05         0;;;;;;;;;8:08:23;AM;0;393;0;0,01;0,05;0
08:08:33 AM         1       395      0,00      0,01      0,05         0;;;;;;;;;8:08:33;AM;1;395;0;0,01;0,05;0
08:08:43 AM         1       394      0,00      0,01      0,05         0;;;;;;;;;8:08:43;AM;1;394;0;0,01;0,05;0
08:08:53 AM         0       393      0,00      0,01      0,05         0;;;;;;;;;8:08:53;AM;0;393;0;0,01;0,05;0
08:09:03 AM         0       393      0,00      0,01      0,05         0;;;;;;;;;8:09:03;AM;0;393;0;0,01;0,05;0
08:09:13 AM         2       393      0,00      0,01      0,05         0;;;;;;;;;8:09:13;AM;2;393;0;0,01;0,05;0
08:09:23 AM         1       393      0,00      0,01      0,05         0;;;;;;;;;8:09:23;AM;1;393;0;0,01;0,05;0
08:09:33 AM         0       393      0,00      0,01      0,05         0;;;;;;;;;8:09:33;AM;0;393;0;0,01;0,05;0
08:09:43 AM         2       393      0,00      0,01      0,05         0;;;;;;;;;8:09:43;AM;2;393;0;0,01;0,05;0
08:09:53 AM         0       393      0,00      0,01      0,05         0;;;;;;;;;8:09:53;AM;0;393;0;0,01;0,05;0
08:10:03 AM         0       393      0,00      0,01      0,05         0;;;;;;;;;8:10:03;AM;0;393;0;0,01;0,05;0
08:10:13 AM         0       393      0,00      0,01      0,05         0;;;;;;;;;8:10:13;AM;0;393;0;0,01;0,05;0
08:10:23 AM         1       393      0,00      0,01      0,05         0;;;;;;;;;8:10:23;AM;1;393;0;0,01;0,05;0
08:10:33 AM         0       394      0,00      0,01      0,05         0;;;;;;;;;8:10:33;AM;0;394;0;0,01;0,05;0
08:10:43 AM         0       393      0,00      0,01      0,05         0;;;;;;;;;8:10:43;AM;0;393;0;0,01;0,05;0
08:10:53 AM         0       393      0,00      0,01      0,05         0;;;;;;;;;8:10:53;AM;0;393;0;0,01;0,05;0
08:11:03 AM         1       393      0,00      0,01      0,05         0;;;;;;;;;8:11:03;AM;1;393;0;0,01;0,05;0
08:11:13 AM         1       393      0,00      0,01      0,05         0;;;;;;;;;8:11:13;AM;1;393;0;0,01;0,05;0
08:11:23 AM         1       393      0,00      0,01      0,05         0;;;;;;;;;8:11:23;AM;1;393;0;0,01;0,05;0
08:11:33 AM         0       393      0,00      0,01      0,05         0;;;;;;;;;8:11:33;AM;0;393;0;0,01;0,05;0
08:11:43 AM         0       393      0,00      0,01      0,05         0;;;;;;;;;8:11:43;AM;0;393;0;0,01;0,05;0
08:11:53 AM         0       394      0,00      0,01      0,05         0;;;;;;;;;8:11:53;AM;0;394;0;0,01;0,05;0
08:12:03 AM         0       393      0,00      0,01      0,05         0;;;;;;;;;8:12:03;AM;0;393;0;0,01;0,05;0
08:12:13 AM         1       393      0,00      0,01      0,05         0;;;;;;;;;8:12:13;AM;1;393;0;0,01;0,05;0
08:12:23 AM         1       393      0,00      0,01      0,05         0;;;;;;;;;8:12:23;AM;1;393;0;0,01;0,05;0
08:12:33 AM         1       393      0,00      0,01      0,05         0;;;;;;;;;8:12:33;AM;1;393;0;0,01;0,05;0
08:12:43 AM         1       393      0,00      0,01      0,05         0;;;;;;;;;8:12:43;AM;1;393;0;0,01;0,05;0
08:12:53 AM         1       393      0,00      0,01      0,05         0;;;;;;;;;8:12:53;AM;1;393;0;0,01;0,05;0
08:13:03 AM         1       393      0,00      0,01      0,05         0;;;;;;;;;8:13:03;AM;1;393;0;0,01;0,05;0
08:13:13 AM         1       393      0,00      0,01      0,05         0;;;;;;;;;8:13:13;AM;1;393;0;0,01;0,05;0
08:13:23 AM         1       393      0,00      0,01      0,05         0;;;;;;;;;8:13:23;AM;1;393;0;0,01;0,05;0
08:13:33 AM         0       393      0,00      0,01      0,05         0;;;;;;;;;8:13:33;AM;0;393;0;0,01;0,05;0
08:13:43 AM         0       393      0,00      0,01      0,05         0;;;;;;;;;8:13:43;AM;0;393;0;0,01;0,05;0
08:13:53 AM         0       393      0,00      0,01      0,05         0;;;;;;;;;8:13:53;AM;0;393;0;0,01;0,05;0
08:14:03 AM         0       393      0,00      0,01      0,05         0;;;;;;;;;8:14:03;AM;0;393;0;0,01;0,05;0
08:14:13 AM         0       393      0,00      0,01      0,05         0;;;;;;;;;8:14:13;AM;0;393;0;0,01;0,05;0
08:14:23 AM         0       393      0,00      0,01      0,05         0;;;;;;;;;8:14:23;AM;0;393;0;0,01;0,05;0
08:14:33 AM         1       393      0,00      0,01      0,05         0;;;;;;;;;8:14:33;AM;1;393;0;0,01;0,05;0
08:14:43 AM         0       393      0,00      0,01      0,05         0;;;;;;;;;8:14:43;AM;0;393;0;0,01;0,05;0
08:14:53 AM         1       393      0,00      0,01      0,05         0;;;;;;;;;8:14:53;AM;1;393;0;0,01;0,05;0
08:15:03 AM         0       393      0,00      0,01      0,05         0;;;;;;;;;8:15:03;AM;0;393;0;0,01;0,05;0
08:15:13 AM         0       393      0,00      0,01      0,05         0;;;;;;;;;8:15:13;AM;0;393;0;0,01;0,05;0
08:15:23 AM         1       393      0,00      0,01      0,05         0;;;;;;;;;8:15:23;AM;1;393;0;0,01;0,05;0
08:15:33 AM         0       393      0,00      0,01      0,05         0;;;;;;;;;8:15:33;AM;0;393;0;0,01;0,05;0
08:15:43 AM         0       393      0,00      0,01      0,05         0;;;;;;;;;8:15:43;AM;0;393;0;0,01;0,05;0
08:15:53 AM         1       393      0,00      0,01      0,05         0;;;;;;;;;8:15:53;AM;1;393;0;0,01;0,05;0
08:16:03 AM         0       393      0,00      0,01      0,05         0;;;;;;;;;8:16:03;AM;0;393;0;0,01;0,05;0
08:16:13 AM         0       393      0,00      0,01      0,05         0;;;;;;;;;8:16:13;AM;0;393;0;0,01;0,05;0
08:16:23 AM         0       393      0,00      0,01      0,05         0;;;;;;;;;8:16:23;AM;0;393;0;0,01;0,05;0
08:16:33 AM         0       393      0,00      0,01      0,05         0;;;;;;;;;8:16:33;AM;0;393;0;0,01;0,05;0
08:16:43 AM         0       393      0,00      0,01      0,05         0;;;;;;;;;8:16:43;AM;0;393;0;0,01;0,05;0
08:16:53 AM         1       393      0,00      0,01      0,05         0;;;;;;;;;8:16:53;AM;1;393;0;0,01;0,05;0
08:17:03 AM         0       393      0,00      0,01      0,05         0;;;;;;;;;8:17:03;AM;0;393;0;0,01;0,05;0
08:17:13 AM         1       393      0,00      0,01      0,05         0;;;;;;;;;8:17:13;AM;1;393;0;0,01;0,05;0
08:17:23 AM         0       393      0,00      0,01      0,05         0;;;;;;;;;8:17:23;AM;0;393;0;0,01;0,05;0
08:17:33 AM         0       394      0,00      0,01      0,05         0;;;;;;;;;8:17:33;AM;0;394;0;0,01;0,05;0
08:17:43 AM         0       393      0,00      0,01      0,05         0;;;;;;;;;8:17:43;AM;0;393;0;0,01;0,05;0
08:17:53 AM         0       393      0,00      0,01      0,05         0;;;;;;;;;8:17:53;AM;0;393;0;0,01;0,05;0
08:18:03 AM         0       393      0,00      0,01      0,05         0;;;;;;;;;8:18:03;AM;0;393;0;0,01;0,05;0
08:18:13 AM         1       393      0,00      0,01      0,05         0;;;;;;;;;8:18:13;AM;1;393;0;0,01;0,05;0
08:18:23 AM         0       393      0,00      0,01      0,05         0;;;;;;;;;8:18:23;AM;0;393;0;0,01;0,05;0
08:18:33 AM         1       393      0,00      0,01      0,05         0;;;;;;;;;8:18:33;AM;1;393;0;0,01;0,05;0
08:18:43 AM         0       394      0,00      0,01      0,05         0;;;;;;;;;8:18:43;AM;0;394;0;0,01;0,05;0
08:18:53 AM         0       393      0,00      0,01      0,05         0;;;;;;;;;8:18:53;AM;0;393;0;0,01;0,05;0
08:19:03 AM         0       393      0,00      0,01      0,05         0;;;;;;;;;8:19:03;AM;0;393;0;0,01;0,05;0
08:19:13 AM         0       393      0,00      0,01      0,05         0;;;;;;;;;8:19:13;AM;0;393;0;0,01;0,05;0
08:19:23 AM         1       393      0,00      0,01      0,05         0;;;;;;;;;8:19:23;AM;1;393;0;0,01;0,05;0
08:19:33 AM         0       393      0,00      0,01      0,05         0;;;;;;;;;8:19:33;AM;0;393;0;0,01;0,05;0
08:19:43 AM         1       393      0,00      0,01      0,05         0;;;;;;;;;8:19:43;AM;1;393;0;0,01;0,05;0
08:19:53 AM         1       393      0,00      0,01      0,05         0;;;;;;;;;8:19:53;AM;1;393;0;0,01;0,05;0
08:20:03 AM         1       393      0,00      0,01      0,05         0;;;;;;;;;8:20:03;AM;1;393;0;0,01;0,05;0
08:20:13 AM         0       393      0,00      0,01      0,05         0;;;;;;;;;8:20:13;AM;0;393;0;0,01;0,05;0
08:20:23 AM         1       393      0,00      0,01      0,05         0;;;;;;;;;8:20:23;AM;1;393;0;0,01;0,05;0
08:20:33 AM         0       393      0,00      0,01      0,05         0;;;;;;;;;8:20:33;AM;0;393;0;0,01;0,05;0
08:20:43 AM         0       393      0,00      0,01      0,05         0;;;;;;;;;8:20:43;AM;0;393;0;0,01;0,05;0
08:20:53 AM         1       393      0,00      0,01      0,05         0;;;;;;;;;8:20:53;AM;1;393;0;0,01;0,05;0
08:21:03 AM         0       393      0,00      0,01      0,05         0;;;;;;;;;8:21:03;AM;0;393;0;0,01;0,05;0
08:21:13 AM         0       393      0,00      0,01      0,05         0;;;;;;;;;8:21:13;AM;0;393;0;0,01;0,05;0
08:21:23 AM         0       393      0,00      0,01      0,05         0;;;;;;;;;8:21:23;AM;0;393;0;0,01;0,05;0
08:21:33 AM         0       393      0,00      0,01      0,05         0;;;;;;;;;8:21:33;AM;0;393;0;0,01;0,05;0
08:21:43 AM         1       393      0,00      0,01      0,05         0;;;;;;;;;8:21:43;AM;1;393;0;0,01;0,05;0
08:21:53 AM         1       394      0,00      0,01      0,05         0;;;;;;;;;8:21:53;AM;1;394;0;0,01;0,05;0
08:22:03 AM         0       394      0,00      0,01      0,05         0;;;;;;;;;8:22:03;AM;0;394;0;0,01;0,05;0
08:22:13 AM         0       393      0,00      0,01      0,05         0;;;;;;;;;8:22:13;AM;0;393;0;0,01;0,05;0
08:22:23 AM         0       393      0,00      0,01      0,05         0;;;;;;;;;8:22:23;AM;0;393;0;0,01;0,05;0
08:22:33 AM         0       393      0,00      0,01      0,05         0;;;;;;;;;8:22:33;AM;0;393;0;0,01;0,05;0
08:22:43 AM         0       393      0,00      0,01      0,05         0;;;;;;;;;8:22:43;AM;0;393;0;0,01;0,05;0
08:22:53 AM         0       393      0,00      0,01      0,05         0;;;;;;;;;8:22:53;AM;0;393;0;0,01;0,05;0
08:23:03 AM         0       393      0,00      0,01      0,05         0;;;;;;;;;8:23:03;AM;0;393;0;0,01;0,05;0
08:23:13 AM         0       393      0,00      0,01      0,05         0;;;;;;;;;8:23:13;AM;0;393;0;0,01;0,05;0
08:23:23 AM         1       393      0,00      0,01      0,05         0;;;;;;;;;8:23:23;AM;1;393;0;0,01;0,05;0
08:23:33 AM         0       393      0,00      0,01      0,05         0;;;;;;;;;8:23:33;AM;0;393;0;0,01;0,05;0
08:23:43 AM         0       393      0,00      0,01      0,05         0;;;;;;;;;8:23:43;AM;0;393;0;0,01;0,05;0
08:23:53 AM         0       393      0,00      0,01      0,05         0;;;;;;;;;8:23:53;AM;0;393;0;0,01;0,05;0
08:24:03 AM         0       393      0,00      0,01      0,05         0;;;;;;;;;8:24:03;AM;0;393;0;0,01;0,05;0
08:24:13 AM         1       393      0,00      0,01      0,05         0;;;;;;;;;8:24:13;AM;1;393;0;0,01;0,05;0
08:24:23 AM         1       393      0,00      0,01      0,05         0;;;;;;;;;8:24:23;AM;1;393;0;0,01;0,05;0
08:24:33 AM         0       393      0,00      0,01      0,05         0;;;;;;;;;8:24:33;AM;0;393;0;0,01;0,05;0
08:24:43 AM         0       394      0,00      0,01      0,05         0;;;;;;;;;8:24:43;AM;0;394;0;0,01;0,05;0
08:24:53 AM         0       393      0,00      0,01      0,05         0;;;;;;;;;8:24:53;AM;0;393;0;0,01;0,05;0
08:25:03 AM         0       393      0,00      0,01      0,05         0;;;;;;;;;8:25:03;AM;0;393;0;0,01;0,05;0
08:25:13 AM         0       393      0,00      0,01      0,05         0;;;;;;;;;8:25:13;AM;0;393;0;0,01;0,05;0
08:25:23 AM         0       394      0,00      0,01      0,05         0;;;;;;;;;8:25:23;AM;0;394;0;0,01;0,05;0
08:25:33 AM         1       393      0,00      0,01      0,05         0;;;;;;;;;8:25:33;AM;1;393;0;0,01;0,05;0
08:25:43 AM         0       393      0,00      0,01      0,05         0;;;;;;;;;8:25:43;AM;0;393;0;0,01;0,05;0
08:25:53 AM         1       393      0,00      0,01      0,05         0;;;;;;;;;8:25:53;AM;1;393;0;0,01;0,05;0
08:26:03 AM         1       393      0,00      0,01      0,05         0;;;;;;;;;8:26:03;AM;1;393;0;0,01;0,05;0
08:26:13 AM         1       393      0,00      0,01      0,05         0;;;;;;;;;8:26:13;AM;1;393;0;0,01;0,05;0
08:26:23 AM         1       395      0,00      0,01      0,05         0;;;;;;;;;8:26:23;AM;1;395;0;0,01;0,05;0
08:26:33 AM         0       393      0,00      0,01      0,05         0;;;;;;;;;8:26:33;AM;0;393;0;0,01;0,05;0
08:26:43 AM         0       393      0,00      0,01      0,05         0;;;;;;;;;8:26:43;AM;0;393;0;0,01;0,05;0
08:26:53 AM         1       393      0,00      0,01      0,05         0;;;;;;;;;8:26:53;AM;1;393;0;0,01;0,05;0
08:27:03 AM         0       393      0,00      0,01      0,05         0;;;;;;;;;8:27:03;AM;0;393;0;0,01;0,05;0
08:27:13 AM         0       394      0,00      0,01      0,05         0;;;;;;;;;8:27:13;AM;0;394;0;0,01;0,05;0
08:27:23 AM         2       393      0,00      0,01      0,05         0;;;;;;;;;8:27:23;AM;2;393;0;0,01;0,05;0
08:27:33 AM         0       393      0,00      0,01      0,05         0;;;;;;;;;8:27:33;AM;0;393;0;0,01;0,05;0
08:27:43 AM         0       393      0,00      0,01      0,05         0;;;;;;;;;8:27:43;AM;0;393;0;0,01;0,05;0
08:27:53 AM         0       393      0,00      0,01      0,05         0;;;;;;;;;8:27:53;AM;0;393;0;0,01;0,05;0
08:28:03 AM         0       393      0,00      0,01      0,05         0;;;;;;;;;8:28:03;AM;0;393;0;0,01;0,05;0
08:28:13 AM         0       393      0,00      0,01      0,05         0;;;;;;;;;8:28:13;AM;0;393;0;0,01;0,05;0
08:28:23 AM         0       393      0,00      0,01      0,05         0;;;;;;;;;8:28:23;AM;0;393;0;0,01;0,05;0
08:28:33 AM         1       393      0,00      0,01      0,05         0;;;;;;;;;8:28:33;AM;1;393;0;0,01;0,05;0
08:28:43 AM         1       393      0,00      0,01      0,05         0;;;;;;;;;8:28:43;AM;1;393;0;0,01;0,05;0
08:28:53 AM         0       393      0,00      0,01      0,05         0;;;;;;;;;8:28:53;AM;0;393;0;0,01;0,05;0
08:29:03 AM         0       393      0,00      0,01      0,05         0;;;;;;;;;8:29:03;AM;0;393;0;0,01;0,05;0
08:29:13 AM         0       393      0,08      0,03      0,05         0;;;;;;;;;8:29:13;AM;0;393;0,08;0,03;0,05;0
08:29:23 AM         1       393      0,06      0,03      0,05         0;;;;;;;;;8:29:23;AM;1;393;0,06;0,03;0,05;0
08:29:33 AM         0       393      0,05      0,03      0,05         0;;;;;;;;;8:29:33;AM;0;393;0,05;0,03;0,05;0
08:29:43 AM         0       393      0,05      0,03      0,05         0;;;;;;;;;8:29:43;AM;0;393;0,05;0,03;0,05;0
08:29:53 AM         1       393      0,04      0,03      0,05         0;;;;;;;;;8:29:53;AM;1;393;0,04;0,03;0,05;0
08:30:03 AM         0       393      0,03      0,03      0,05         0;;;;;;;;;8:30:03;AM;0;393;0,03;0,03;0,05;0
08:30:13 AM         0       393      0,03      0,02      0,05         0;;;;;;;;;8:30:13;AM;0;393;0,03;0,02;0,05;0
08:30:23 AM         0       393      0,02      0,02      0,05         0;;;;;;;;;8:30:23;AM;0;393;0,02;0,02;0,05;0
08:30:33 AM         0       393      0,02      0,02      0,05         0;;;;;;;;;8:30:33;AM;0;393;0,02;0,02;0,05;0
08:30:43 AM         1       393      0,02      0,02      0,05         0;;;;;;;;;8:30:43;AM;1;393;0,02;0,02;0,05;0
08:30:53 AM         0       393      0,01      0,02      0,05         0;;;;;;;;;8:30:53;AM;0;393;0,01;0,02;0,05;0
08:31:03 AM         0       393      0,01      0,02      0,05         0;;;;;;;;;8:31:03;AM;0;393;0,01;0,02;0,05;0
08:31:13 AM         0       395      0,01      0,02      0,05         0;;;;;;;;;8:31:13;AM;0;395;0,01;0,02;0,05;0
08:31:23 AM         0       393      0,01      0,02      0,05         0;;;;;;;;;8:31:23;AM;0;393;0,01;0,02;0,05;0
08:31:33 AM         1       393      0,01      0,02      0,05         0;;;;;;;;;8:31:33;AM;1;393;0,01;0,02;0,05;0
08:31:43 AM         0       394      0,01      0,02      0,05         0;;;;;;;;;8:31:43;AM;0;394;0,01;0,02;0,05;0
08:31:53 AM         0       393      0,01      0,02      0,05         0;;;;;;;;;8:31:53;AM;0;393;0,01;0,02;0,05;0
08:32:03 AM         1       393      0,00      0,01      0,05         0;;;;;;;;;8:32:03;AM;1;393;0;0,01;0,05;0
08:32:13 AM         0       393      0,00      0,01      0,05         0;;;;;;;;;8:32:13;AM;0;393;0;0,01;0,05;0
08:32:23 AM         1       393      0,00      0,01      0,05         0;;;;;;;;;8:32:23;AM;1;393;0;0,01;0,05;0
08:32:33 AM         0       393      0,00      0,01      0,05         0;;;;;;;;;8:32:33;AM;0;393;0;0,01;0,05;0
08:32:43 AM         0       393      0,00      0,01      0,05         0;;;;;;;;;8:32:43;AM;0;393;0;0,01;0,05;0
08:32:53 AM         0       393      0,00      0,01      0,05         0;;;;;;;;;8:32:53;AM;0;393;0;0,01;0,05;0
08:33:03 AM         0       393      0,00      0,01      0,05         0;;;;;;;;;8:33:03;AM;0;393;0;0,01;0,05;0
08:33:13 AM         0       393      0,00      0,01      0,05         0;;;;;;;;;8:33:13;AM;0;393;0;0,01;0,05;0
08:33:23 AM         0       393      0,00      0,01      0,05         0;;;;;;;;;8:33:23;AM;0;393;0;0,01;0,05;0
08:33:33 AM         0       393      0,00      0,01      0,05         0;;;;;;;;;8:33:33;AM;0;393;0;0,01;0,05;0
08:33:43 AM         0       393      0,00      0,01      0,05         0;;;;;;;;;8:33:43;AM;0;393;0;0,01;0,05;0
08:33:53 AM         0       393      0,00      0,01      0,05         0;;;;;;;;;8:33:53;AM;0;393;0;0,01;0,05;0
08:34:03 AM         0       393      0,00      0,01      0,05         0;;;;;;;;;8:34:03;AM;0;393;0;0,01;0,05;0
08:34:13 AM         0       393      0,00      0,01      0,05         0;;;;;;;;;8:34:13;AM;0;393;0;0,01;0,05;0
08:34:23 AM         0       393      0,00      0,01      0,05         0;;;;;;;;;8:34:23;AM;0;393;0;0,01;0,05;0
08:34:33 AM         2       393      0,00      0,01      0,05         0;;;;;;;;;8:34:33;AM;2;393;0;0,01;0,05;0
08:34:43 AM         0       393      0,00      0,01      0,05         0;;;;;;;;;8:34:43;AM;0;393;0;0,01;0,05;0
08:34:53 AM         0       393      0,00      0,01      0,05         0;;;;;;;;;8:34:53;AM;0;393;0;0,01;0,05;0
08:35:03 AM         0       393      0,00      0,01      0,05         0;;;;;;;;;8:35:03;AM;0;393;0;0,01;0,05;0
08:35:13 AM         0       393      0,00      0,01      0,05         0;;;;;;;;;8:35:13;AM;0;393;0;0,01;0,05;0
08:35:23 AM         0       393      0,00      0,01      0,05         0;;;;;;;;;8:35:23;AM;0;393;0;0,01;0,05;0
08:35:33 AM         0       393      0,00      0,01      0,05         0;;;;;;;;;8:35:33;AM;0;393;0;0,01;0,05;0
08:35:43 AM         0       393      0,00      0,01      0,05         0;;;;;;;;;8:35:43;AM;0;393;0;0,01;0,05;0
08:35:53 AM         1       393      0,00      0,01      0,05         0;;;;;;;;;8:35:53;AM;1;393;0;0,01;0,05;0
08:36:03 AM         0       394      0,00      0,01      0,05         0;;;;;;;;;8:36:03;AM;0;394;0;0,01;0,05;0
08:36:13 AM         0       395      0,00      0,01      0,05         0;;;;;;;;;8:36:13;AM;0;395;0;0,01;0,05;0
08:36:23 AM         0       393      0,00      0,01      0,05         0;;;;;;;;;8:36:23;AM;0;393;0;0,01;0,05;0
08:36:33 AM         0       393      0,00      0,01      0,05         0;;;;;;;;;8:36:33;AM;0;393;0;0,01;0,05;0
08:36:43 AM         0       393      0,00      0,01      0,05         0;;;;;;;;;8:36:43;AM;0;393;0;0,01;0,05;0
08:36:53 AM         1       392      0,00      0,01      0,05         0;;;;;;;;;8:36:53;AM;1;392;0;0,01;0,05;0
08:37:03 AM         1       392      0,00      0,01      0,05         0;;;;;;;;;8:37:03;AM;1;392;0;0,01;0,05;0
08:37:13 AM         1       388      0,00      0,01      0,05         0;;;;;;;;;8:37:13;AM;1;388;0;0,01;0,05;0
Average:            0       393      0,00      0,01      0,05         0;;;;;;;;;;;;;;;;
